"lat","lng","status","date","type","color"
"-12.084646296928","-77.042831251235","ATENDIENDO","2021-07-09 18:28:57","ACCIDENTE VEHICULAR / PARTICULAR / AUTOMOVIL","#E65100"
"-12.159679853405","-76.968505029261","ATENDIENDO","2021-07-09 17:39:20","INCENDIO / ESTRUCTURAS / VIVIENDA / MATERIAL NOBLE","#D32F2F"
"-12.0690472","-77.0102047","ATENDIENDO","2021-07-09 17:17:38","INCENDIO / ESTRUCTURAS / VIVIENDA / MATERIAL NOBLE","#D32F2F"
"-11.968017203391","-76.750235653874","ATENDIENDO","2021-07-09 16:33:01","MATERIALES PELIGROSOS (INCIDENTE) / FUGA GAS GLP Y OTROS GASES INFLAM / BALON DOMICILIARIO (10KG)","#757575"
"-12.209687774909","-76.950038443604","CERRADO","2021-07-09 05:31:16","INCENDIO / ESTRUCTURAS / VIVIENDA / MATERIAL NOBLE","#D32F2F"
"-12.07660510929","-77.095388824614","ATENDIENDO","2021-07-09 22:26:17","INCENDIO / ESTRUCTURAS / VIVIENDA / MATERIAL NOBLE","#D32F2F"
"-12.145234855164","-77.016713567231","ATENDIENDO","2021-07-10 01:27:23","INCENDIO / ESTRUCTURAS / VIVIENDA / MATERIAL NOBLE","#D32F2F"
"-12.148226184731","-77.007300321127","ATENDIENDO","2021-07-10 01:52:31","INCENDIO / ESTRUCTURAS / VIVIENDA / MATERIAL NOBLE","#D32F2F"
"-12.167107824737","-76.969091573609","ATENDIENDO","2021-07-10 03:21:48","INCENDIO / TERRENO BALDIO","#D32F2F"
"-11.907540606661","-77.074036552278","ATENDIENDO","2021-07-10 06:10:53","INCENDIO / TERRENO BALDIO","#D32F2F"
"-11.9907841","-76.8217274","ATENDIENDO","2021-07-10 13:41:59","SERVICIO ESPECIAL / PREVENCION - CAPACITACION / PRACTICAS","#40C4FF"
"-12.05660395829","-76.969098700929","ATENDIENDO","2021-07-10 19:45:56","ACCIDENTE VEHICULAR / PARTICULAR / AUTOMOVIL","#E65100"
"-12.8931107","-74.1944529","CERRADO","2021-07-11 17:43:52","INCENDIO / ESTRUCTURAS / VIVIENDA / MATERIAL NOBLE","#D32F2F"
"-12.030533338081","-77.077716543797","ATENDIENDO","2021-07-12 00:33:16","INCENDIO / ESTRUCTURAS / VIVIENDA / MATERIAL NOBLE","#D32F2F"
"-11.937515795033","-76.698962797331","ATENDIENDO","2021-07-12 01:42:04","INCENDIO / FORESTAL / TERRENO DE CULTIVO,CHACRA, OTROS","#D32F2F"
"-11.940139062434","-76.707152933397","ATENDIENDO","2021-07-12 02:41:58","INCENDIO / EQUIPOS ELECTRICOS CON ENERGIA / SUB ESTACION DE TRANSMISION","#D32F2F"
"-12.094428822788","-77.069882076944","ATENDIENDO","2021-07-12 21:25:19","INCENDIO / VEHICULO / AUTOMOVIL / VIA PUBLICA","#D32F2F"
"-12.064003329092","-77.050034573602","ATENDIENDO","2021-07-12 23:25:50","INCENDIO / ESTRUCTURAS / VIVIENDA / MATERIAL NOBLE","#D32F2F"
"-12.089902919997","-77.050218458436","ATENDIENDO","2021-07-13 07:27:22","INCENDIO / ESTRUCTURAS / VIVIENDA / MATERIAL NOBLE","#D32F2F"
"-11.989390849069","-76.796974024087","ATENDIENDO","2021-07-13 11:19:40","INCENDIO / FORESTAL / BOSQUES","#D32F2F"
"-12.175324677868","-76.966604557608","ATENDIENDO","2021-07-13 17:10:33","INCENDIO / ESTRUCTURAS / VIVIENDA / MATERIAL NOBLE","#D32F2F"
"-12.065224025342","-77.134563984233","ATENDIENDO","2021-07-14 00:10:19","INCENDIO / ESTRUCTURAS / VIVIENDA / MATERIAL NOBLE","#D32F2F"
"-11.867731150213","-77.061525215101","ATENDIENDO","2021-07-14 03:10:47","INCENDIO / ESTRUCTURAS / VIVIENDA / MATERIAL NOBLE","#D32F2F"
"-12.071690496795","-77.043032638182","ATENDIENDO","2021-07-14 09:20:21","INCENDIO / VEHICULO / AUTOMOVIL / VIA PUBLICA","#D32F2F"
"-12.154031647927","-76.971311731575","ATENDIENDO","2021-07-14 18:14:44","INCENDIO / ESTRUCTURAS / VIVIENDA / MATERIAL NOBLE","#D32F2F"
"-12.077487825056","-77.0335315799","ATENDIENDO","2021-07-15 02:12:58","INCENDIO / OTROS / CHIMENEA","#D32F2F"
"-12.063163293869","-77.108282017522","ATENDIENDO","2021-07-15 03:37:33","INCENDIO / ESTRUCTURAS / VIVIENDA / MATERIAL NOBLE","#D32F2F"
"-12.201919834257","-77.005125534963","ATENDIENDO","2021-07-15 08:49:51","INCENDIO / ESTRUCTURAS / VIVIENDA / MATERIAL NOBLE","#D32F2F"
"-12.144730965907","-76.981978017067","ATENDIENDO","2021-07-15 12:30:10","ACCIDENTE VEHICULAR / PARTICULAR / AUTOMOVIL","#E65100"
"-12.031518414838","-77.045256814331","ATENDIENDO","2021-07-15 14:29:54","MATERIALES PELIGROSOS (INCIDENTE) / FUGA GAS GLP Y OTROS GASES INFLAM / EN VEHICULO","#757575"
"-12.002572717333","-76.879192010033","ATENDIENDO","2021-07-15 17:06:27","INCENDIO / ESTRUCTURAS / VIVIENDA / MATERIAL NOBLE","#D32F2F"
"-12.031231071251","-77.066180848545","ATENDIENDO","2021-07-16 00:56:25","INCENDIO / ESTRUCTURAS / VIVIENDA / MATERIAL NOBLE","#D32F2F"
"-12.032969421468","-76.949520365309","ATENDIENDO","2021-07-16 03:50:28","INCENDIO / ESTRUCTURAS / VIVIENDA / MATERIAL NOBLE","#D32F2F"
"-12.05600278788","-76.994935623155","ATENDIENDO","2021-07-18 01:46:09","INCENDIO / ESTRUCTURAS / VIVIENDA / MATERIAL NOBLE","#D32F2F"
"-12.11452568077","-77.014880059319","ATENDIENDO","2021-07-18 06:30:10","INCENDIO / ESTRUCTURAS / VIVIENDA / MATERIAL NOBLE","#D32F2F"
"-11.913002188266","-77.048566939215","ATENDIENDO","2021-07-18 08:31:04","INCENDIO / ESTRUCTURAS / VIVIENDA / MATERIAL NOBLE","#D32F2F"
"-11.962184730865","-77.038316949283","ATENDIENDO","2021-07-18 23:51:51","INCENDIO / ESTRUCTURAS / VIVIENDA / MATERIAL NOBLE","#D32F2F"
"-12.093746963509","-76.993382618559","ATENDIENDO","2021-07-19 03:24:17","INCENDIO / ESTRUCTURAS / VIVIENDA / MATERIAL NOBLE","#D32F2F"
"-11.8782732","-77.126587","ATENDIENDO","2021-07-18 11:50:09","SERVICIO ESPECIAL / PREVENCION - CAPACITACION / PRACTICAS","#40C4FF"
"-12.083705431218","-77.011582354618","ATENDIENDO","2021-07-19 08:21:24","INCENDIO / ESTRUCTURAS / VIVIENDA / MATERIAL NOBLE","#D32F2F"
"-11.855023469513","-77.088107733998","ATENDIENDO","2021-07-19 13:36:31","INCENDIO / VEHICULO / AUTOMOVIL / VIA PUBLICA","#D32F2F"
"-12.178525780737","-76.947926566215","ATENDIENDO","2021-07-19 15:03:37","INCENDIO / ESTRUCTURAS / VIVIENDA / MATERIAL NOBLE","#D32F2F"
"-12.04275731426","-77.041273200843","ATENDIENDO","2021-07-19 17:59:53","INCENDIO / EQUIPOS ELECTRICOS CON ENERGIA / TRANSFORMADORES DE ALTA TENSION","#D32F2F"
"-12.173956649648","-76.979523480315","ATENDIENDO","2021-07-19 19:19:50","INCENDIO / ESTRUCTURAS / VIVIENDA / MATERIAL NOBLE","#D32F2F"
"-12.183000805417","-76.942288547914","ATENDIENDO","2021-07-19 18:55:00","INCENDIO / VEHICULO / AUTOMOVIL / VIA PUBLICA","#D32F2F"
"-12.040539051656","-77.046095232425","ATENDIENDO","2021-07-19 20:36:44","INCENDIO / TERRENO BALDIO","#D32F2F"
"-12.152115396153","-76.982168001733","ATENDIENDO","2021-07-19 21:43:50","INCENDIO / ESTRUCTURAS / VIVIENDA / MATERIAL NOBLE","#D32F2F"
"-12.182047777615","-76.926933781844","ATENDIENDO","2021-07-20 01:55:43","INCENDIO / ESTRUCTURAS / VIVIENDA / MATERIAL NOBLE","#D32F2F"
"-12.060728351096","-77.028847543025","ATENDIENDO","2021-07-20 17:02:30","INCENDIO / ESTRUCTURAS / VIVIENDA / MATERIAL NOBLE","#D32F2F"
"-12.06080782683","-77.03161760564","ATENDIENDO","2021-07-20 20:04:09","INCENDIO / VEHICULO / AUTOMOVIL / VIA PUBLICA","#D32F2F"
"-12.06539834837","-77.031320557337","ATENDIENDO","2021-07-20 19:28:53","INCENDIO / ESTRUCTURAS / VIVIENDA / MATERIAL NOBLE","#D32F2F"
"-11.849573937265","-76.996784242232","ATENDIENDO","2021-07-20 22:59:37","INCENDIO / ESTRUCTURAS / VIVIENDA / MATERIAL NOBLE","#D32F2F"
"-12.052493626934","-77.014307427397","ATENDIENDO","2021-07-20 22:45:04","INCENDIO / ESTRUCTURAS / VIVIENDA / MATERIAL NOBLE","#D32F2F"
"-11.867510348563","-77.072476167292","ATENDIENDO","2021-07-20 23:29:42","INCENDIO / ESTRUCTURAS / VIVIENDA / MATERIAL NOBLE","#D32F2F"
"-11.989913918462","-77.041759620559","ATENDIENDO","2021-07-21 04:29:49","INCENDIO / ESTRUCTURAS / VIVIENDA / MATERIAL NOBLE","#D32F2F"
"-12.019835581207","-76.991703934588","CERRADO","2021-07-21 06:02:00","INCENDIO / ESTRUCTURAS / VIVIENDA / MATERIAL NOBLE","#D32F2F"
"-12.008852087758","-77.049794254287","ATENDIENDO","2021-07-21 14:55:51","INCENDIO / ESTRUCTURAS / VIVIENDA / MATERIAL NOBLE","#D32F2F"
"-11.985209485725","-77.071998706175","CERRADO","2021-07-22 02:12:31","INCENDIO / ESTRUCTURAS / VIVIENDA / MATERIAL NOBLE","#D32F2F"
"-12.032256292417","-77.088189124736","CERRADO","2021-07-22 01:01:04","INCENDIO / ESTRUCTURAS / VIVIENDA / MATERIAL NOBLE","#D32F2F"
"-12.233301868437","-76.941853755865","ATENDIENDO","2021-07-22 00:52:38","INCENDIO / ESTRUCTURAS / VIVIENDA / MATERIAL NOBLE","#D32F2F"
"-11.9123987","-77.0041322","ATENDIENDO","2021-07-22 08:01:20","INCENDIO / ESTRUCTURAS / VIVIENDA / MATERIAL NOBLE","#D32F2F"
"-11.9376053","-77.0533276","ATENDIENDO","2021-07-22 08:01:20","INCENDIO / ESTRUCTURAS / VIVIENDA / MATERIAL NOBLE","#D32F2F"
"-12.0849556","-77.0547406","ATENDIENDO","2021-07-22 08:01:20","INCENDIO / VEHICULO / AUTOMOVIL / VIA PUBLICA","#D32F2F"
"-11.951024482056","-76.987326459897","ATENDIENDO","2021-07-23 05:10:03","INCENDIO / VEHICULO / AUTOMOVIL / VIA PUBLICA","#D32F2F"
"-11.957242038717","-76.993147625305","CERRADO","2021-07-23 03:41:17","INCENDIO / ESTRUCTURAS / VIVIENDA / MATERIAL NOBLE","#D32F2F"
"-11.970248118009","-77.066853826999","CERRADO","2021-07-22 21:05:08","INCENDIO / ESTRUCTURAS / VIVIENDA / MATERIAL NOBLE","#D32F2F"
"-12.116969871676","-77.034106585877","ATENDIENDO","2021-07-22 20:54:09","MATERIALES PELIGROSOS (INCIDENTE) / FUGA GAS GLP Y OTROS GASES INFLAM / EN VEHICULO","#757575"
"-12.170874484615","-76.979200108066","ATENDIENDO","2021-07-23 11:39:45","ACCIDENTE VEHICULAR / PARTICULAR / AUTOMOVIL","#E65100"
"-11.9237186","-76.661128","ATENDIENDO","2021-07-23 12:45:07","INCENDIO / FORESTAL / BOSQUES","#D32F2F"
"-12.026530254979","-76.945213441958","ATENDIENDO","2021-07-23 17:06:35","INCENDIO / ESTRUCTURAS / VIVIENDA / MATERIAL NOBLE","#D32F2F"
"-11.968664825287","-77.061995072611","ATENDIENDO","2021-07-23 20:53:53","INCENDIO / ESTRUCTURAS / ALMACEN - DEPOSITO","#D32F2F"
"-12.122341784974","-77.016552840482","ATENDIENDO","2021-07-24 01:14:38","ACCIDENTE VEHICULAR / PARTICULAR / AUTOMOVIL","#E65100"
"-12.078090029916","-77.063142033313","ATENDIENDO","2021-07-24 06:42:45","INCENDIO / VEHICULO / AUTOMOVIL / VIA PUBLICA","#D32F2F"
"-12.243999302178","-76.916335896085","ATENDIENDO","2021-07-24 18:41:52","INCENDIO / ESTRUCTURAS / VIVIENDA / MATERIAL NOBLE","#D32F2F"
"-12.050708969511","-77.031672313465","ATENDIENDO","2021-07-24 20:15:22","INCENDIO / ESTRUCTURAS / VIVIENDA / MATERIAL NOBLE","#D32F2F"
"-12.127869865137","-76.986812101759","ATENDIENDO","2021-07-25 03:18:58","INCENDIO / VEHICULO / AUTOMOVIL / VIA PUBLICA","#D32F2F"
"-11.988155970615","-77.114333541135","ATENDIENDO","2021-07-25 05:59:01","INCENDIO / ESTRUCTURAS / VIVIENDA / MATERIAL NOBLE","#D32F2F"
"-12.053247126655","-77.141155671792","ATENDIENDO","2021-07-25 07:50:04","INCENDIO / ESTRUCTURAS / VIVIENDA / MATERIAL NOBLE","#D32F2F"
"-12.0441813","-77.0300033","ATENDIENDO","2021-07-25 16:21:08","INCENDIO / OTROS / CHIMENEA","#D32F2F"
"-11.93643306576","-77.04175818625","ATENDIENDO","2021-07-25 16:09:10","INCENDIO / ESTRUCTURAS / VIVIENDA / MATERIAL NOBLE","#D32F2F"
"-12.184441074996","-77.009484526915","ATENDIENDO","2021-07-26 01:59:40","INCENDIO / ESTRUCTURAS / VIVIENDA / MATERIAL NOBLE","#D32F2F"
"-11.974194567693","-77.091772695047","CERRADO","2021-07-26 04:54:13","INCENDIO / ESTRUCTURAS / VIVIENDA / MATERIAL NOBLE","#D32F2F"
"-11.923800363208","-76.681047877413","CERRADO","2021-07-26 06:05:32","ACCIDENTE VEHICULAR / PARTICULAR / AUTOMOVIL","#E65100"
"-12.093923882468","-77.071264596014","ATENDIENDO","2021-07-26 05:51:29","INCENDIO / ESTRUCTURAS / VIVIENDA / MATERIAL NOBLE","#D32F2F"
"-12.030283020344","-76.959904467355","CERRADO","2021-07-27 00:11:04","INCENDIO / ESTRUCTURAS / VIVIENDA / MATERIAL NOBLE","#D32F2F"
"-12.06124284897","-76.998560178705","CERRADO","2021-07-27 02:14:39","INCENDIO / ESTRUCTURAS / VIVIENDA / MATERIAL NOBLE","#D32F2F"
"-11.935753127322","-77.073639121474","CERRADO","2021-07-27 07:32:09","INCENDIO / ESTRUCTURAS / VIVIENDA / MATERIAL NOBLE","#D32F2F"
"-12.207690812635","-76.922531254792","CERRADO","2021-07-27 08:54:28","INCENDIO / ESTRUCTURAS / VIVIENDA / MATERIAL NOBLE","#D32F2F"
"-12.052817862762","-77.028217150714","CERRADO","2021-07-27 21:37:00","INCENDIO / ESTRUCTURAS / VIVIENDA / MATERIAL NOBLE","#D32F2F"
"-12.064782279606","-76.975347002159","CERRADO","2021-07-28 01:33:49","INCENDIO / ESTRUCTURAS / ALMACEN - DEPOSITO","#D32F2F"
"-12.052743707686","-77.1181952506","CERRADO","2021-07-28 04:11:16","INCENDIO / ESTRUCTURAS / VIVIENDA / MATERIAL NOBLE","#D32F2F"
"-12.016510226583","-76.997228655383","CERRADO","2021-07-28 03:30:28","INCENDIO / VEHICULO / AUTOMOVIL / VIA PUBLICA","#D32F2F"
"-12.209805555012","-76.925010407044","CERRADO","2021-07-28 07:00:30","INCENDIO / VEHICULO / AUTOMOVIL / VIA PUBLICA","#D32F2F"
"-12.0448456","-77.0297865","CERRADO","2021-07-28 12:05:00","SERVICIO ESPECIAL / CUBRIR SERVICIO / LUGAR ESPECIFICO","#40C4FF"
"-11.994825082948","-76.824865990686","CERRADO","2021-07-28 12:04:10","INCENDIO / ESTRUCTURAS / VIVIENDA / MATERIAL NOBLE","#D32F2F"
"-11.877933100936","-77.132955869136","CERRADO","2021-07-28 14:02:18","INCENDIO / FORESTAL / BOSQUES","#D32F2F"
"-11.5626355","-77.2701481","ATENDIENDO","2021-07-28 14:48:10","SERVICIO ESPECIAL / EVENTOS PUBLICOS / OTROS","#40C4FF"
"-12.147700245756","-76.986635408436","CERRADO","2021-07-28 17:32:27","INCENDIO / VEHICULO / AUTOMOVIL / VIA PUBLICA","#D32F2F"
"-12.1206544","-77.0294397","CERRADO","2021-07-28 21:33:06","SERVICIO ESPECIAL / EVENTOS PUBLICOS / OTROS","#40C4FF"
"-12.110243734843","-77.039529301711","CERRADO","2021-07-28 23:43:27","INCENDIO / ESTRUCTURAS / VIVIENDA / MATERIAL NOBLE","#D32F2F"
"-12.458517985357","-76.753231021762","ATENDIENDO","2021-07-29 03:53:41","INCENDIO / ESTRUCTURAS / VIVIENDA / MATERIAL NOBLE","#D32F2F"
"-12.037454156861","-77.068851217482","CERRADO","2021-07-29 05:56:33","INCENDIO / VEHICULO / AUTOMOVIL / VIA PUBLICA","#D32F2F"
"-12.041285798605","-76.952752553669","CERRADO","2021-07-29 14:53:36","INCENDIO / ESTRUCTURAS / VIVIENDA / MATERIAL NOBLE","#D32F2F"
"-12.0822857","-77.0419941","ATENDIENDO","2021-07-29 14:31:14","SERVICIO ESPECIAL / EVENTOS OFICIALES / CEREMONIAS","#40C4FF"
"-11.6208214","-77.2073442","CERRADO","2021-07-29 23:30:49","ACCIDENTE VEHICULAR / PARTICULAR / AUTOMOVIL","#E65100"
"-12.058149392797","-77.014362545418","CERRADO","2021-07-30 01:01:10","INCENDIO / ESTRUCTURAS / VIVIENDA / MATERIAL NOBLE","#D32F2F"
"-11.8249478","-77.1230094","CERRADO","2021-07-30 01:22:16","ACCIDENTE VEHICULAR / PARTICULAR / AUTOMOVIL","#E65100"
"-11.918976788376","-77.038188395286","CERRADO","2021-07-30 03:02:46","INCENDIO / ESTRUCTURAS / VIVIENDA / MATERIAL NOBLE","#D32F2F"
"-12.18044583679","-77.000005568231","CERRADO","2021-07-30 04:46:53","INCENDIO / EQUIPOS ELECTRICOS CON ENERGIA / TRANSFORMADORES DE ALTA TENSION","#D32F2F"
"-12.007026159328","-77.036128054327","CERRADO","2021-07-30 06:18:09","INCENDIO / ESTRUCTURAS / VIVIENDA / MATERIAL NOBLE","#D32F2F"
"-12.19353734416","-77.007102069135","CERRADO","2021-07-30 16:20:13","INCENDIO / ESTRUCTURAS / VIVIENDA / MATERIAL NOBLE","#D32F2F"
"-12.061025296682","-77.082860615255","CERRADO","2021-07-30 19:37:42","MATERIALES PELIGROSOS (INCIDENTE) / HIDROCARBUROS / ESTACION DE SERVICIO","#757575"
"-12.058885260405","-77.024756117679","CERRADO","2021-07-30 21:50:46","INCENDIO / ESTRUCTURAS / VIVIENDA / MATERIAL NOBLE","#D32F2F"
"-12.064687382353","-77.078010060308","CERRADO","2021-07-31 01:40:48","ACCIDENTE VEHICULAR / PARTICULAR / AUTOMOVIL","#E65100"
"-12.092680885434","-77.073135625703","CERRADO","2021-07-31 02:28:52","INCENDIO / ESTRUCTURAS / VIVIENDA / MATERIAL NOBLE","#D32F2F"
"-12.202782405808","-76.949011004786","ATENDIENDO","2021-07-31 03:51:57","INCENDIO / ESTRUCTURAS / VIVIENDA / MATERIAL NOBLE","#D32F2F"
"-12.191176037026","-76.990290133041","CERRADO","2021-07-31 08:51:35","INCENDIO / ESTRUCTURAS / VIVIENDA / MATERIAL NOBLE","#D32F2F"
"-11.852270867106","-77.122663827902","CERRADO","2021-07-31 08:35:59","INCENDIO / ESTRUCTURAS / VIVIENDA / MATERIAL NOBLE","#D32F2F"
"-11.87744","-77.1330564","ATENDIENDO","2021-07-31 16:59:22","INCENDIO / FORESTAL / TERRENO DE CULTIVO,CHACRA, OTROS","#D32F2F"
"-12.006477147094","-77.099170664241","CERRADO","2021-08-02 07:13:54","INCENDIO / VEHICULO / AUTOMOVIL / COCHERA - GARAJE - TALLER","#D32F2F"
"-12.167331270399","-77.026067184881","CERRADO","2021-08-02 16:03:55","INCENDIO / ESTRUCTURAS / VIVIENDA / MATERIAL NOBLE","#D32F2F"
"-12.081686259382","-77.05267680347","CERRADO","2021-08-02 19:30:54","INCENDIO / ESTRUCTURAS / VIVIENDA / MATERIAL NOBLE","#D32F2F"
"-12.397138922861","-76.757971601171","ATENDIENDO","2021-08-02 22:41:44","ACCIDENTE VEHICULAR / PARTICULAR / AUTOMOVIL","#E65100"
"-12.053209922016","-76.95745589216","CERRADO","2021-08-03 00:11:57","INCENDIO / VEHICULO / AUTOMOVIL / COCHERA - GARAJE - TALLER","#D32F2F"
"-12.118692140757","-77.028895568148","CERRADO","2021-08-02 23:30:31","INCENDIO / VEHICULO / AUTOMOVIL / COCHERA - GARAJE - TALLER","#D32F2F"
"-12.035391570805","-77.065734274567","CERRADO","2021-08-03 02:25:36","INCENDIO / VEHICULO / AUTOMOVIL / VIA PUBLICA","#D32F2F"
"-12.005656301084","-77.093158246648","CERRADO","2021-08-03 16:20:58","INCENDIO / ESTRUCTURAS / VIVIENDA / MATERIAL NOBLE","#D32F2F"
"-12.084161258211","-76.998523031701","CERRADO","2021-08-03 18:03:24","INCENDIO / ESTRUCTURAS / VIVIENDA / MATERIAL NOBLE","#D32F2F"
"-12.09122112913","-77.079523070155","CERRADO","2021-08-03 17:42:24","INCENDIO / ESTRUCTURAS / VIVIENDA / MATERIAL NOBLE","#D32F2F"
"-11.978969801877","-77.125319103276","CERRADO","2021-08-03 17:28:37","ACCIDENTE VEHICULAR / PARTICULAR / AUTOMOVIL","#E65100"
"-12.032292304154","-77.090482071357","CERRADO","2021-08-03 19:47:31","INCENDIO / ESTRUCTURAS / VIVIENDA / MATERIAL NOBLE","#D32F2F"
"-12.159530767094","-76.957643299233","CERRADO","2021-08-04 00:21:55","INCENDIO / VEHICULO / AUTOMOVIL / VIA PUBLICA","#D32F2F"
"-11.829075777433","-77.119020451872","CERRADO","2021-08-03 23:56:13","MATERIALES PELIGROSOS (INCIDENTE) / FUGA GAS GLP Y OTROS GASES INFLAM / EN VEHICULO","#757575"
"-12.075935840087","-77.028353081538","CERRADO","2021-08-04 06:38:56","INCENDIO / ESTRUCTURAS / VIVIENDA / MATERIAL NOBLE","#D32F2F"
"-12.035960752887","-77.06869979555","CERRADO","2021-08-04 09:32:03","INCENDIO / ESTRUCTURAS / VIVIENDA / MATERIAL NOBLE","#D32F2F"
"-12.019599186568","-76.967380738777","CERRADO","2021-08-04 10:41:57","INCENDIO / ESTRUCTURAS / VIVIENDA / MATERIAL NOBLE","#D32F2F"
"-12.053567339128","-76.976604069317","CERRADO","2021-08-04 18:20:02","INCENDIO / ESTRUCTURAS / VIVIENDA / MATERIAL NOBLE","#D32F2F"
"-12.142204981057","-76.939727893676","CERRADO","2021-08-04 18:04:17","INCENDIO / ESTRUCTURAS / VIVIENDA / MATERIAL NOBLE","#D32F2F"
"-12.215052711452","-76.922447437785","CERRADO","2021-08-05 04:02:35","INCENDIO / ESTRUCTURAS / VIVIENDA / MATERIAL NOBLE","#D32F2F"
"-12.070914654008","-77.115810981853","CERRADO","2021-08-05 15:43:14","MATERIALES PELIGROSOS (INCIDENTE) / FUGA GAS GLP Y OTROS GASES INFLAM / EN VEHICULO","#757575"
"-12.10703833528","-76.981546172147","CERRADO","2021-08-05 23:23:57","INCENDIO / ESTRUCTURAS / VIVIENDA / MATERIAL NOBLE","#D32F2F"
"-12.031404144553","-77.003770887542","ATENDIENDO","2021-08-05 18:34:29","INCENDIO / FORESTAL / BOSQUES","#D32F2F"
"-12.059652717527","-77.127248844273","CERRADO","2021-08-06 03:06:15","INCENDIO / ESTRUCTURAS / VIVIENDA / MATERIAL NOBLE","#D32F2F"
"-12.053182359887","-77.01149136991","CERRADO","2021-08-06 17:36:43","INCENDIO / VEHICULO / AUTOMOVIL / VIA PUBLICA","#D32F2F"
"-11.828460445692","-77.119683272552","CERRADO","2021-08-06 20:13:39","INCENDIO / ESTRUCTURAS / VIVIENDA / MATERIAL NOBLE","#D32F2F"
"-12.07911224469","-77.050768630757","CERRADO","2021-08-06 21:03:15","INCENDIO / ESTRUCTURAS / VIVIENDA / MATERIAL NOBLE","#D32F2F"
"-12.110243734843","-77.039529301711","CERRADO","2021-08-07 02:00:25","INCENDIO / ESTRUCTURAS / VIVIENDA / MATERIAL NOBLE","#D32F2F"
"-12.010601510544","-77.056964285843","CERRADO","2021-08-07 05:14:08","INCENDIO / ESTRUCTURAS / VIVIENDA / MATERIAL NOBLE","#D32F2F"
"-12.049654372833","-77.050087114424","CERRADO","2021-08-07 05:01:46","INCENDIO / ESTRUCTURAS / VIVIENDA / MATERIAL NOBLE","#D32F2F"
"-12.066198153771","-77.124201198077","ATENDIENDO","2021-08-07 14:56:05","INCENDIO / ESTRUCTURAS / VIVIENDA / MATERIAL NOBLE","#D32F2F"
"-12.012510256324","-77.081460286155","CERRADO","2021-08-08 03:02:20","INCENDIO / ESTRUCTURAS / VIVIENDA / MATERIAL NOBLE","#D32F2F"
"-11.916107311208","-77.050990110355","CERRADO","2021-08-08 05:25:41","INCENDIO / VEHICULO / AUTOMOVIL / VIA PUBLICA","#D32F2F"
"-12.037772528386","-77.05719596371","CERRADO","2021-08-08 09:46:11","INCENDIO / ESTRUCTURAS / VIVIENDA / MATERIAL NOBLE","#D32F2F"
"-11.985566640918","-76.809443640328","CERRADO","2021-08-08 08:34:17","INCENDIO / FORESTAL / TERRENO DE CULTIVO,CHACRA, OTROS","#D32F2F"
"-11.9144331","-77.0490126","CERRADO","2021-08-08 16:48:55","INCENDIO / OTROS / CHIMENEA","#D32F2F"
"-12.012420528501","-77.104016854905","CERRADO","2021-08-08 21:09:04","INCENDIO / ESTRUCTURAS / VIVIENDA / MATERIAL NOBLE","#D32F2F"
"-12.211191823244","-76.900151390687","CERRADO","2021-08-09 02:27:25","INCENDIO / ESTRUCTURAS / VIVIENDA / MATERIAL NOBLE","#D32F2F"
"-12.07601306381","-77.087892206588","CERRADO","2021-08-09 23:21:54","INCENDIO / ESTRUCTURAS / VIVIENDA / MATERIAL NOBLE","#D32F2F"
"-12.011177794366","-77.072319407536","CERRADO","2021-08-10 06:50:36","INCENDIO / ESTRUCTURAS / ALMACEN - DEPOSITO","#D32F2F"
"-11.983134806252","-77.078663630657","CERRADO","2021-08-10 06:15:30","ACCIDENTE VEHICULAR / PARTICULAR / AUTOMOVIL","#E65100"
"-12.014856844438","-76.997633096273","CERRADO","2021-08-10 21:10:38","INCENDIO / ESTRUCTURAS / VIVIENDA / MATERIAL NOBLE","#D32F2F"
"-12.064405195092","-77.038783846913","CERRADO","2021-08-11 08:14:19","ACCIDENTE VEHICULAR / PARTICULAR / AUTOMOVIL","#E65100"
"-12.061904","-77.034148","CERRADO","2021-08-11 12:25:48","SERVICIO ESPECIAL / PREVENCION - CAPACITACION / SIMULACROS","#40C4FF"
"-12.137583111239","-77.002781536489","CERRADO","2021-08-12 02:49:38","INCENDIO / ESTRUCTURAS / VIVIENDA / MATERIAL NOBLE","#D32F2F"
"-11.988562548426","-77.088174134417","CERRADO","2021-08-12 02:28:26","INCENDIO / ESTRUCTURAS / VIVIENDA / MATERIAL NOBLE","#D32F2F"
"-12.150371784669","-77.020110573854","CERRADO","2021-08-12 04:57:28","INCENDIO / ESTRUCTURAS / VIVIENDA / MATERIAL NOBLE","#D32F2F"
"-12.038515003724","-77.031949263619","ATENDIENDO","2021-08-12 16:20:12","INCENDIO / VEHICULO / AUTOMOVIL / VIA PUBLICA","#D32F2F"
"-12.062987354647","-76.995067231799","CERRADO","2021-08-12 19:17:41","INCENDIO / ESTRUCTURAS / VIVIENDA / MATERIAL NOBLE","#D32F2F"
"-12.201478618541","-76.981707526713","CERRADO","2021-08-12 20:40:49","INCENDIO / ESTRUCTURAS / VIVIENDA / MATERIAL NOBLE","#D32F2F"
"-12.113487359582","-76.985863687924","CERRADO","2021-08-12 21:52:48","INCENDIO / ESTRUCTURAS / VIVIENDA / MATERIAL NOBLE","#D32F2F"
"-12.119235959027","-77.027052888693","ATENDIENDO","2021-08-12 23:30:07","INCENDIO / ESTRUCTURAS / VIVIENDA / MATERIAL NOBLE","#D32F2F"
"-12.067826178823","-76.958217017249","CERRADO","2021-08-13 03:29:59","MATERIALES PELIGROSOS (INCIDENTE) / FUGA GAS GLP Y OTROS GASES INFLAM / EN VEHICULO","#757575"
"-12.059823590235","-77.037950668531","CERRADO","2021-08-13 05:11:50","ACCIDENTE VEHICULAR / PARTICULAR / AUTOMOVIL","#E65100"
"-11.998826374025","-77.050474639797","CERRADO","2021-08-13 06:30:55","INCENDIO / VEHICULO / AUTOMOVIL / VIA PUBLICA","#D32F2F"
"-11.883778948404","-77.02348493745","CERRADO","2021-08-13 08:09:36","INCENDIO / ESTRUCTURAS / VIVIENDA / MATERIAL NOBLE","#D32F2F"
"-11.984888979264","-77.011769063697","ATENDIENDO","2021-08-13 10:32:20","INCENDIO / ESTRUCTURAS / VIVIENDA / MATERIAL NOBLE","#D32F2F"
"-12.158468285994","-76.98477846326","ATENDIENDO","2021-08-13 14:50:02","INCENDIO / ESTRUCTURAS / VIVIENDA / MATERIAL NOBLE","#D32F2F"
"-12.052805847791","-77.092793674365","CERRADO","2021-08-13 17:58:48","INCENDIO / ESTRUCTURAS / VIVIENDA / MATERIAL NOBLE","#D32F2F"
"-12.160957791928","-76.968925009849","CERRADO","2021-08-13 19:49:36","INCENDIO / ESTRUCTURAS / VIVIENDA / MATERIAL NOBLE","#D32F2F"
"-13.6674516","-76.2119295","ATENDIENDO","2021-08-13 22:09:55","EMERGENCIA MEDICA / TRAUMATICAS / HERIDO POR CAIDA","#1565C0"
"-12.001448824924","-76.856835070884","CERRADO","2021-08-13 22:53:35","INCENDIO / ESTRUCTURAS / ALMACEN - DEPOSITO","#D32F2F"
"-11.975169","-76.771609","CERRADO","2021-08-14 01:39:59","INCENDIO / ESTRUCTURAS / VIVIENDA / MATERIAL NOBLE","#D32F2F"
"-11.872005210232","-77.082647312741","CERRADO","2021-08-14 06:59:22","INCENDIO / ESTRUCTURAS / VIVIENDA / MATERIAL NOBLE","#D32F2F"
"-12.205728823865","-76.924366957307","CERRADO","2021-08-14 15:58:32","INCENDIO / ESTRUCTURAS / VIVIENDA / MATERIAL NOBLE","#D32F2F"
"-11.994391966919","-76.821594853247","CERRADO","2021-08-14 15:33:07","INCENDIO / ESTRUCTURAS / VIVIENDA / MATERIAL NOBLE","#D32F2F"
"-12.052237796071","-77.013504491522","CERRADO","2021-08-14 19:51:40","INCENDIO / ESTRUCTURAS / VIVIENDA / MATERIAL NOBLE","#D32F2F"
"-12.112343306581","-77.050346966756","CERRADO","2021-08-15 02:00:57","RESCATE / ACANTILADO / CON ACCESO INFERIOR","#FFD600"
"-12.058062826435","-77.055365094377","CERRADO","2021-08-15 10:11:02","INCENDIO / ESTRUCTURAS / VIVIENDA / MATERIAL NOBLE","#D32F2F"
"-12.063141835596","-77.018730553885","CERRADO","2021-08-15 09:13:34","ACCIDENTE VEHICULAR / PARTICULAR / AUTOMOVIL","#E65100"
"-12.21602457859","-76.941680679667","CERRADO","2021-08-15 12:12:49","INCENDIO / ESTRUCTURAS / VIVIENDA / MATERIAL NOBLE","#D32F2F"
"-11.959428052184","-77.076078954482","CERRADO","2021-08-15 20:13:19","INCENDIO / ESTRUCTURAS / VIVIENDA / MATERIAL NOBLE","#D32F2F"
"-12.012019651057","-77.068035488077","CERRADO","2021-08-16 05:39:50","INCENDIO / ESTRUCTURAS / VIVIENDA / MATERIAL NOBLE","#D32F2F"
"-12.142696594635","-76.941864367327","CERRADO","2021-08-16 15:46:42","INCENDIO / OTROS / CHIMENEA","#D32F2F"
"-12.123373413894","-77.017621020316","CERRADO","2021-08-16 17:03:54","INCENDIO / TERRENO BALDIO","#D32F2F"
"-12.051851161194","-77.139978493243","CERRADO","2021-08-16 17:42:34","ACCIDENTE VEHICULAR / PARTICULAR / AUTOMOVIL","#E65100"
"-11.97806452024","-77.060619935552","CERRADO","2021-08-16 23:59:39","INCENDIO / ESTRUCTURAS / VIVIENDA / MATERIAL NOBLE","#D32F2F"
"-12.06009251609","-77.136257731747","CERRADO","2021-08-17 01:45:27","INCENDIO / ESTRUCTURAS / VIVIENDA / MATERIAL NOBLE","#D32F2F"
"-12.046417347591","-77.050663009677","CERRADO","2021-08-17 04:12:00","INCENDIO / ESTRUCTURAS / VIVIENDA / MATERIAL NOBLE","#D32F2F"
"-12.053744252763","-77.134663731604","CERRADO","2021-08-17 03:33:46","INCENDIO / ESTRUCTURAS / VIVIENDA / MATERIAL NOBLE","#D32F2F"
"-12.180116977624","-76.948690831384","CERRADO","2021-08-17 14:59:52","INCENDIO / ESTRUCTURAS / VIVIENDA / MATERIAL NOBLE","#D32F2F"
"-5.64","-77.06","ATENDIENDO","2023-11-30 02:49:17","SISMO","#CC0000"
"-8.34","-80.18","ATENDIENDO","2023-11-30 04:53:01","SISMO","#CC0000"
"-8.61","-77.63","ATENDIENDO","2023-11-30 20:28:20","SISMO","#CC0000"
"-12.53","-76.65","ATENDIENDO","2023-11-30 22:26:57","SISMO","#CC0000"
"-15.72","-72","ATENDIENDO","2023-12-01 10:13:26","SISMO","#CC0000"
"-16.35","-72.35","ATENDIENDO","2023-12-01 16:02:47","SISMO","#CC0000"
"-16.61","-71.56","ATENDIENDO","2023-12-01 17:54:50","SISMO","#CC0000"
"-10.39","-70.66","ATENDIENDO","2023-12-02 02:23:17","SISMO","#CC0000"
"-19.28","-69.45","ATENDIENDO","2023-12-02 07:55:40","SISMO","#CC0000"
"-3.22","-76.83","ATENDIENDO","2023-12-02 08:09:07","SISMO","#CC0000"
"-15.67","-71.71","ATENDIENDO","2023-12-02 22:50:17","SISMO","#CC0000"
"-16.45","-72.43","ATENDIENDO","2023-12-04 11:19:11","SISMO","#CC0000"
"-4.25","-81.04","ATENDIENDO","2023-12-04 17:59:27","SISMO","#CC0000"
"-10.97","-78.26","ATENDIENDO","2023-12-05 01:12:32","SISMO","#CC0000"
"-15.97","-72.98","ATENDIENDO","2023-12-05 14:03:55","SISMO","#CC0000"
"-16.02","-74.59","ATENDIENDO","2023-12-05 17:46:35","SISMO","#CC0000"
"-16.8","-71.62","ATENDIENDO","2023-12-05 19:04:57","SISMO","#CC0000"
"-14.87","-76.61","ATENDIENDO","2023-12-06 07:06:20","SISMO","#CC0000"
"-18.51","-69.92","ATENDIENDO","2023-12-06 16:11:09","SISMO","#CC0000"
"-16.03","-74.33","ATENDIENDO","2023-12-07 02:11:50","SISMO","#CC0000"
"-4.27","-77.48","ATENDIENDO","2023-12-07 04:54:51","SISMO","#CC0000"
"-12.66","-76.84","ATENDIENDO","2023-12-08 05:06:48","SISMO","#CC0000"
"-10.31","-75.32","ATENDIENDO","2023-12-08 12:17:16","SISMO","#CC0000"
"-11.03","-73.94","ATENDIENDO","2023-12-08 21:38:03","SISMO","#CC0000"
"-3.57","-80.42","ATENDIENDO","2023-12-09 04:27:53","SISMO","#CC0000"
"-14.36","-76.58","ATENDIENDO","2023-12-10 03:38:19","SISMO","#CC0000"
"-14.39","-76.63","ATENDIENDO","2023-12-10 07:35:12","SISMO","#CC0000"
"-14.39","-76.51","ATENDIENDO","2023-12-10 11:40:30","SISMO","#CC0000"
"-14.39","-76.67","ATENDIENDO","2023-12-10 11:52:46","SISMO","#CC0000"
"-14.41","-76.57","ATENDIENDO","2023-12-10 12:14:12","SISMO","#CC0000"
"-14.35","-76.52","ATENDIENDO","2023-12-10 15:43:28","SISMO","#CC0000"
"-15.34","-72.02","ATENDIENDO","2023-12-10 16:10:51","SISMO","#CC0000"
"-14.34","-76.55","ATENDIENDO","2023-12-10 18:17:45","SISMO","#CC0000"
"-16.13","-71.66","ATENDIENDO","2023-12-11 20:12:53","SISMO","#CC0000"
"-11.56","-76.64","ATENDIENDO","2023-12-13 07:38:49","SISMO","#CC0000"
"-8.33","-76.27","ATENDIENDO","2023-12-13 11:56:47","SISMO","#CC0000"
"-7.1","-79.38","ATENDIENDO","2023-12-13 22:32:18","SISMO","#CC0000"
"-16.8","-71.34","ATENDIENDO","2023-12-14 01:51:29","SISMO","#CC0000"
"-16.73","-71.18","ATENDIENDO","2023-12-14 01:53:58","SISMO","#CC0000"
"-15.21","-75.9","ATENDIENDO","2023-12-14 07:21:44","SISMO","#CC0000"
"-16.4","-74.03","ATENDIENDO","2023-12-14 09:44:36","SISMO","#CC0000"
"-14.45","-76.49","ATENDIENDO","2023-12-14 15:55:50","SISMO","#CC0000"
"-16.82","-72.9","ATENDIENDO","2023-12-15 09:58:48","SISMO","#CC0000"
"-16.38","-72.04","ATENDIENDO","2023-12-15 14:45:46","SISMO","#CC0000"
"-14.55","-76.61","ATENDIENDO","2023-12-15 17:53:07","SISMO","#CC0000"
"-9.84","-75.64","ATENDIENDO","2023-12-16 07:37:54","SISMO","#CC0000"
"-18.91","-72.5","ATENDIENDO","2023-12-16 09:24:50","SISMO","#CC0000"
"-5.33","-80.8","ATENDIENDO","2023-12-16 09:32:47","SISMO","#CC0000"
"-15.25","-75.61","ATENDIENDO","2023-12-16 18:58:23","SISMO","#CC0000"
"-13.02","-76.45","ATENDIENDO","2023-12-17 17:19:14","SISMO","#CC0000"
"-15.02","-73.31","ATENDIENDO","2023-12-18 04:03:53","SISMO","#CC0000"
"-5.94","-80.23","ATENDIENDO","2023-12-18 14:31:04","SISMO","#CC0000"
"-6.49","-80.83","ATENDIENDO","2023-12-18 17:05:09","SISMO","#CC0000"
"-17.17","-72.25","ATENDIENDO","2023-12-18 22:22:58","SISMO","#CC0000"
"-15.81","-71.81","ATENDIENDO","2023-12-19 02:52:36","SISMO","#CC0000"
"-4.54","-76.94","ATENDIENDO","2023-12-19 14:15:21","SISMO","#CC0000"
"-4.89","-80.23","ATENDIENDO","2023-12-19 14:54:48","SISMO","#CC0000"
"-3.54","-79.73","ATENDIENDO","2023-12-19 20:52:05","SISMO","#CC0000"
"-15.68","-72.03","ATENDIENDO","2023-12-19 23:47:27","SISMO","#CC0000"
"-14.09","-72.81","ATENDIENDO","2023-12-20 10:39:28","SISMO","#CC0000"
"-16.11","-72.78","ATENDIENDO","2023-12-20 12:11:20","SISMO","#CC0000"
"-8.48","-74.6","ATENDIENDO","2023-12-21 11:36:10","SISMO","#CC0000"
"-16.11","-72.74","ATENDIENDO","2023-12-21 14:24:41","SISMO","#CC0000"
"-15.81","-71.77","ATENDIENDO","2023-12-22 02:16:31","SISMO","#CC0000"
"-16.12","-72.89","ATENDIENDO","2023-12-22 11:28:36","SISMO","#CC0000"
"-3.92","-77.41","ATENDIENDO","2023-12-23 04:04:41","SISMO","#CC0000"
"-11.53","-78.25","ATENDIENDO","2023-12-23 10:44:11","SISMO","#CC0000"
"-14.99","-72.7","ATENDIENDO","2023-12-23 11:26:46","SISMO","#CC0000"
"-10.49","-74.55","ATENDIENDO","2023-12-23 14:59:30","SISMO","#CC0000"
"-16.58","-71.62","ATENDIENDO","2023-12-23 20:03:54","SISMO","#CC0000"
"-7.29","-76.9","ATENDIENDO","2023-12-23 23:22:52","SISMO","#CC0000"
"-15.79","-71.79","ATENDIENDO","2023-12-24 11:14:44","SISMO","#CC0000"
"-13.53","-72.46","ATENDIENDO","2023-12-25 23:15:40","SISMO","#CC0000"
"-4.89","-80.76","ATENDIENDO","2023-12-25 23:28:41","SISMO","#CC0000"
"-11.97","-75.65","ATENDIENDO","2023-12-26 11:05:27","SISMO","#CC0000"
"-9.65","-79.05","ATENDIENDO","2023-12-27 14:16:37","SISMO","#CC0000"
"-3.55","-80.74","ATENDIENDO","2023-12-28 03:11:14","SISMO","#CC0000"
"-11.22","-75.93","ATENDIENDO","2023-12-28 07:12:22","SISMO","#CC0000"
"-11.8","-77.52","ATENDIENDO","2023-12-29 14:49:46","SISMO","#CC0000"
"-8.32","-79.14","ATENDIENDO","2023-12-29 19:51:36","SISMO","#CC0000"
"-16.78","-71.24","ATENDIENDO","2023-12-30 03:03:17","SISMO","#CC0000"
"-13.08","-76.81","ATENDIENDO","2023-12-30 05:10:26","SISMO","#CC0000"
"-6.4","-76.93","ATENDIENDO","2023-12-31 14:47:23","SISMO","#CC0000"
"-9.67","-75.63","ATENDIENDO","2023-12-31 17:08:36","SISMO","#CC0000"
"-10.69","-78.54","ATENDIENDO","2024-01-01 07:06:07","SISMO","#CC0000"
"-16.53","-71.63","ATENDIENDO","2024-01-01 20:03:53","SISMO","#CC0000"
"-11.92","-77.74","ATENDIENDO","2024-01-04 11:57:15","SISMO","#CC0000"
"-12.13","-77.45","ATENDIENDO","2024-01-04 13:45:30","SISMO","#CC0000"
"-5.83","-81.03","ATENDIENDO","2024-01-04 13:46:24","SISMO","#CC0000"
"-12.14","-77.3","ATENDIENDO","2024-01-04 17:42:39","SISMO","#CC0000"
"-15.57","-74.35","ATENDIENDO","2024-01-05 00:55:41","SISMO","#CC0000"
"-8.62","-74.53","ATENDIENDO","2024-01-05 07:29:55","SISMO","#CC0000"
"-11.79","-77.57","ATENDIENDO","2024-01-05 17:30:27","SISMO","#CC0000"
"-14.65","-70.75","ATENDIENDO","2024-01-06 10:31:12","SISMO","#CC0000"
"-18.35","-69.44","ATENDIENDO","2024-01-07 08:35:33","SISMO","#CC0000"
"-3.69","-80.88","ATENDIENDO","2024-01-07 15:08:25","SISMO","#CC0000"
"-5.13","-79.98","ATENDIENDO","2024-01-08 04:19:29","SISMO","#CC0000"
"-9.87","-74.87","ATENDIENDO","2024-01-08 08:45:39","SISMO","#CC0000"
"-15.15","-73.32","ATENDIENDO","2024-01-08 12:40:27","SISMO","#CC0000"
"-10.19","-75.67","ATENDIENDO","2024-01-08 23:43:45","SISMO","#CC0000"
"-8.02","-79.88","ATENDIENDO","2024-01-09 01:05:04","SISMO","#CC0000"
"-5.54","-80.74","ATENDIENDO","2024-01-09 09:15:20","SISMO","#CC0000"
"-13.81","-74.23","ATENDIENDO","2024-01-09 14:16:09","SISMO","#CC0000"
"-11.79","-77.67","ATENDIENDO","2024-01-09 18:23:56","SISMO","#CC0000"
"-14.37","-73.97","ATENDIENDO","2024-01-10 00:38:15","SISMO","#CC0000"
"-10.96","-74.94","ATENDIENDO","2024-01-10 09:16:11","SISMO","#CC0000"
"-15.8","-72.06","ATENDIENDO","2024-01-10 22:33:04","SISMO","#CC0000"
"-5.88","-76.7","ATENDIENDO","2024-01-10 23:54:43","SISMO","#CC0000"
"-16.61","-71.64","ATENDIENDO","2024-01-11 20:38:52","SISMO","#CC0000"
"-15","-72.35","ATENDIENDO","2024-01-12 06:55:15","SISMO","#CC0000"
"-15.8","-71.77","ATENDIENDO","2024-01-12 10:02:39","SISMO","#CC0000"
"-17.05","-72.8","ATENDIENDO","2024-01-12 13:00:48","SISMO","#CC0000"
"-10.04","-75.12","ATENDIENDO","2024-01-13 05:25:45","SISMO","#CC0000"
"-15.78","-71.75","ATENDIENDO","2024-01-14 01:57:11","SISMO","#CC0000"
"-12.5","-76.7","ATENDIENDO","2024-01-14 19:41:03","SISMO","#CC0000"
"-11.36","-77.96","ATENDIENDO","2024-01-15 17:29:50","SISMO","#CC0000"
"-4.07","-77.66","ATENDIENDO","2024-01-16 06:36:50","SISMO","#CC0000"
"-13.36","-74.63","ATENDIENDO","2024-01-16 14:43:48","SISMO","#CC0000"
"-15.5","-71.85","ATENDIENDO","2024-01-19 12:19:12","SISMO","#CC0000"
"-12.75","-76.97","ATENDIENDO","2024-01-20 03:39:46","SISMO","#CC0000"
"-16.87","-72.23","ATENDIENDO","2024-01-20 20:03:42","SISMO","#CC0000"
"-7.27","-71.58","ATENDIENDO","2024-01-20 21:30:51","SISMO","#CC0000"
"-15.46","-70.59","ATENDIENDO","2024-01-21 09:43:14","SISMO","#CC0000"
"-5.41","-77.71","ATENDIENDO","2024-01-22 17:21:56","SISMO","#CC0000"
"-16.08","-72.87","ATENDIENDO","2024-01-22 18:34:38","SISMO","#CC0000"
"-16.92","-69.91","ATENDIENDO","2024-01-23 12:51:50","SISMO","#CC0000"
"-7.17","-80.01","ATENDIENDO","2024-01-23 17:17:20","SISMO","#CC0000"
"-14.67","-76.1","ATENDIENDO","2024-01-23 21:35:57","SISMO","#CC0000"
"-18.22","-71.29","ATENDIENDO","2024-01-25 11:19:13","SISMO","#CC0000"
"-10.92","-73.97","ATENDIENDO","2024-01-25 19:15:19","SISMO","#CC0000"
"-16.38","-74.04","ATENDIENDO","2024-01-27 10:08:23","SISMO","#CC0000"
"-12.52","-76.92","ATENDIENDO","2024-01-27 16:02:30","SISMO","#CC0000"
"-4.21","-80.41","ATENDIENDO","2024-01-28 05:18:58","SISMO","#CC0000"
"-8.17","-71.26","ATENDIENDO","2024-01-28 09:38:50","SISMO","#CC0000"
"-15.78","-71.75","ATENDIENDO","2024-01-29 15:44:43","SISMO","#CC0000"
"-9.58","-78.69","ATENDIENDO","2024-01-29 20:01:26","SISMO","#CC0000"
"-11.86","-76.86","ATENDIENDO","2024-01-29 22:04:56","SISMO","#CC0000"
"-8.49","-74.71","ATENDIENDO","2024-01-30 17:43:17","SISMO","#CC0000"
"-3.05","-77.77","ATENDIENDO","2024-01-30 20:44:49","SISMO","#CC0000"
"-15.5","-71.64","ATENDIENDO","2024-01-31 01:11:38","SISMO","#CC0000"
"-11.37","-73.39","ATENDIENDO","2024-01-31 12:14:22","SISMO","#CC0000"
"-15.81","-71.85","ATENDIENDO","2024-01-31 19:06:00","SISMO","#CC0000"
"-4.97","-78.21","ATENDIENDO","2024-02-01 00:07:30","SISMO","#CC0000"
"-4.3","-80.54","ATENDIENDO","2024-02-01 05:57:01","SISMO","#CC0000"
"-18.3","-70.31","ATENDIENDO","2024-02-01 06:47:26","SISMO","#CC0000"
"-16.71","-71.24","ATENDIENDO","2024-02-01 13:59:38","SISMO","#CC0000"
"-18.44","-69.98","ATENDIENDO","2024-02-02 05:31:11","SISMO","#CC0000"
"-11.15","-74.56","ATENDIENDO","2024-02-02 13:24:57","SISMO","#CC0000"
"-11.21","-74.55","ATENDIENDO","2024-02-02 15:05:00","SISMO","#CC0000"
"-4.05","-80.59","ATENDIENDO","2024-02-02 20:46:51","SISMO","#CC0000"
"-4.2","-77.74","ATENDIENDO","2024-02-03 02:36:37","SISMO","#CC0000"
"-17.37","-72.64","ATENDIENDO","2024-02-03 08:17:52","SISMO","#CC0000"
"-8.11","-80.1","ATENDIENDO","2024-02-03 23:30:51","SISMO","#CC0000"
"-19.67","-70.07","ATENDIENDO","2024-02-04 04:02:42","SISMO","#CC0000"
"-10.94","-76.45","ATENDIENDO","2024-02-04 05:30:04","SISMO","#CC0000"
"-16.28","-72.59","ATENDIENDO","2024-02-04 16:29:51","SISMO","#CC0000"
"-17.38","-72.65","ATENDIENDO","2024-02-04 20:17:16","SISMO","#CC0000"
"-11.9","-77.37","ATENDIENDO","2024-02-05 09:01:06","SISMO","#CC0000"
"-10.44","-75.18","ATENDIENDO","2024-02-05 17:42:29","SISMO","#CC0000"
"-8.74","-74.35","ATENDIENDO","2024-02-05 19:09:43","SISMO","#CC0000"
"-13.93","-76.08","ATENDIENDO","2024-02-06 03:05:21","SISMO","#CC0000"
"-15.78","-71.74","ATENDIENDO","2024-02-06 04:18:59","SISMO","#CC0000"
"-12.61","-76.73","ATENDIENDO","2024-02-06 05:02:08","SISMO","#CC0000"
"-15.66","-74.56","ATENDIENDO","2024-02-06 11:05:16","SISMO","#CC0000"
"-7.78","-80.26","ATENDIENDO","2024-02-07 01:08:41","SISMO","#CC0000"
"-15.83","-71.75","ATENDIENDO","2024-02-07 01:31:59","SISMO","#CC0000"
"-15.82","-71.74","ATENDIENDO","2024-02-07 01:35:53","SISMO","#CC0000"
"-12.5","-76.77","ATENDIENDO","2024-02-07 08:06:25","SISMO","#CC0000"
"-15.84","-71.75","ATENDIENDO","2024-02-08 09:57:16","SISMO","#CC0000"
"-6.49","-75.16","ATENDIENDO","2024-02-09 18:21:09","SISMO","#CC0000"
"-16.12","-72.79","ATENDIENDO","2024-02-09 20:52:16","SISMO","#CC0000"
"-18","-73.25","ATENDIENDO","2024-02-09 22:17:02","SISMO","#CC0000"
"-14.16","-73.75","ATENDIENDO","2024-02-10 03:21:28","SISMO","#CC0000"
"-11.01","-78.28","ATENDIENDO","2024-02-10 05:36:11","SISMO","#CC0000"
"-12.97","-76.88","ATENDIENDO","2024-02-10 09:33:12","SISMO","#CC0000"
"-15.83","-75.42","ATENDIENDO","2024-02-11 06:53:05","SISMO","#CC0000"
"-9.73","-78.64","ATENDIENDO","2024-02-11 18:17:28","SISMO","#CC0000"
"-8.85","-75.97","ATENDIENDO","2024-02-11 18:38:07","SISMO","#CC0000"
"-8.36","-75.59","ATENDIENDO","2024-02-12 01:41:52","SISMO","#CC0000"
"-8.42","-75.59","ATENDIENDO","2024-02-12 01:44:40","SISMO","#CC0000"
"-8.53","-75.84","ATENDIENDO","2024-02-12 01:48:53","SISMO","#CC0000"
"-16.27","-72.07","ATENDIENDO","2024-02-12 22:25:00","SISMO","#CC0000"
"-15.75","-71.79","ATENDIENDO","2024-02-13 12:33:58","SISMO","#CC0000"
"-11.78","-77.46","ATENDIENDO","2024-02-13 20:29:13","SISMO","#CC0000"
"-3.63","-79.62","ATENDIENDO","2024-02-14 02:47:21","SISMO","#CC0000"
"-11.79","-77.83","ATENDIENDO","2024-02-14 18:30:35","SISMO","#CC0000"
"-11.56","-77.52","ATENDIENDO","2024-02-15 20:53:35","SISMO","#CC0000"
"-4.13","-77.16","ATENDIENDO","2024-02-16 01:53:15","SISMO","#CC0000"
"-19.47","-70.91","ATENDIENDO","2024-02-16 06:27:40","SISMO","#CC0000"
"-8.27","-74.25","ATENDIENDO","2024-02-16 06:54:10","SISMO","#CC0000"
"-16.81","-71.57","ATENDIENDO","2024-02-16 18:59:02","SISMO","#CC0000"
"-8.58","-75.74","ATENDIENDO","2024-02-16 20:26:25","SISMO","#CC0000"
"-4.84","-78.71","ATENDIENDO","2024-02-17 03:45:12","SISMO","#CC0000"
"-7.9","-74.67","ATENDIENDO","2024-02-17 06:29:23","SISMO","#CC0000"
"-14.9","-71.87","ATENDIENDO","2024-02-18 23:57:01","SISMO","#CC0000"
"-8.24","-77.87","ATENDIENDO","2024-02-19 00:10:15","SISMO","#CC0000"
"-6.44","-76.02","ATENDIENDO","2024-02-19 02:53:11","SISMO","#CC0000"
"-13.17","-75.23","ATENDIENDO","2024-02-19 06:23:20","SISMO","#CC0000"
"-6.43","-76.28","ATENDIENDO","2024-02-19 08:51:15","SISMO","#CC0000"
"-9.44","-79.14","ATENDIENDO","2024-02-19 16:23:17","SISMO","#CC0000"
"-14.93","-71.91","ATENDIENDO","2024-02-22 04:23:01","SISMO","#CC0000"
"-15.34","-71","ATENDIENDO","2024-02-22 06:22:59","SISMO","#CC0000"
"-11.43","-73.34","ATENDIENDO","2024-02-22 16:13:14","SISMO","#CC0000"
"-16.76","-71.19","ATENDIENDO","2024-02-22 22:46:10","SISMO","#CC0000"
"-3.69","-78.33","ATENDIENDO","2024-02-23 03:53:34","SISMO","#CC0000"
"-17.74","-69.78","ATENDIENDO","2024-02-23 09:39:00","SISMO","#CC0000"
"-8.38","-75.58","ATENDIENDO","2024-02-23 14:07:27","SISMO","#CC0000"
"-4.06","-79.92","ATENDIENDO","2024-02-23 21:09:22","SISMO","#CC0000"
"-10.85","-74.75","ATENDIENDO","2024-02-24 02:22:53","SISMO","#CC0000"
"-15.09","-73.51","ATENDIENDO","2024-02-24 12:21:43","SISMO","#CC0000"
"-10.5","-76.2","ATENDIENDO","2024-02-25 02:04:41","SISMO","#CC0000"
"-15.8","-71.78","ATENDIENDO","2024-02-26 01:40:27","SISMO","#CC0000"
"-13.15","-75.17","ATENDIENDO","2024-02-27 02:37:12","SISMO","#CC0000"
"-11.42","-73.32","ATENDIENDO","2024-02-28 08:34:12","SISMO","#CC0000"
"-11.21","-75.9","ATENDIENDO","2024-02-28 09:48:51","SISMO","#CC0000"
"-15.81","-71.77","ATENDIENDO","2024-02-29 01:05:53","SISMO","#CC0000"
"-15.64","-74.54","ATENDIENDO","2024-02-29 09:13:02","SISMO","#CC0000"
"-16.78","-71.33","ATENDIENDO","2024-02-29 11:48:42","SISMO","#CC0000"
"-10.19","-80.32","ATENDIENDO","2024-02-29 14:46:27","SISMO","#CC0000"
"-10.97","-75","ATENDIENDO","2024-02-29 19:54:39","SISMO","#CC0000"
"-14.23","-75.86","ATENDIENDO","2024-03-01 05:51:09","SISMO","#CC0000"
"-16.84","-71.14","ATENDIENDO","2024-03-01 07:12:26","SISMO","#CC0000"
"-10.02","-74.73","ATENDIENDO","2024-03-02 22:44:34","SISMO","#CC0000"
"-12.07","-76.83","ATENDIENDO","2024-03-04 14:59:27","SISMO","#CC0000"
"-19.26","-69.64","ATENDIENDO","2024-03-04 22:01:32","SISMO","#CC0000"
"-8.6","-74.82","ATENDIENDO","2024-03-05 09:09:17","SISMO","#CC0000"
"-12.32","-77.11","ATENDIENDO","2024-03-06 14:31:40","SISMO","#CC0000"
"-12.32","-77.11","ATENDIENDO","2024-03-06 14:31:40","SISMO","#CC0000"
"-12.71","-75.87","ATENDIENDO","2024-03-07 03:24:37","SISMO","#CC0000"
"-13.6","-76.29","ATENDIENDO","2024-03-07 16:31:59","SISMO","#CC0000"
"-14.47","-73.56","ATENDIENDO","2024-03-08 03:15:46","SISMO","#CC0000"
"-14.68","-73.52","ATENDIENDO","2024-03-08 06:54:54","SISMO","#CC0000"
"-16.75","-71.31","ATENDIENDO","2024-03-09 10:04:24","SISMO","#CC0000"
"-14.54","-72.28","ATENDIENDO","2024-03-09 10:04:47","SISMO","#CC0000"
"-17.6","-73.31","ATENDIENDO","2024-03-10 01:40:32","SISMO","#CC0000"
"-13.6","-76.15","ATENDIENDO","2024-03-11 06:29:15","SISMO","#CC0000"
"-16.35","-74.24","ATENDIENDO","2024-03-12 21:19:53","SISMO","#CC0000"
"-11.89","-74.55","ATENDIENDO","2024-03-12 22:04:50","SISMO","#CC0000"
"-12.14","-74.74","ATENDIENDO","2024-03-12 22:27:10","SISMO","#CC0000"
"-8.33","-80.21","ATENDIENDO","2024-03-12 23:23:32","SISMO","#CC0000"
"-15.14","-73.31","ATENDIENDO","2024-03-13 02:50:36","SISMO","#CC0000"
"-18.73","-69.66","ATENDIENDO","2024-03-13 09:30:05","SISMO","#CC0000"
"-15.75","-71.68","ATENDIENDO","2024-03-13 21:28:48","SISMO","#CC0000"
"-8.65","-74.5","ATENDIENDO","2024-03-15 11:21:51","SISMO","#CC0000"
"-5.55","-77.12","ATENDIENDO","2024-03-15 22:17:21","SISMO","#CC0000"
"-17.88","-70.47","ATENDIENDO","2024-03-16 05:12:26","SISMO","#CC0000"
"-15.66","-74.33","ATENDIENDO","2024-03-16 21:17:44","SISMO","#CC0000"
"-5.61","-80.9","ATENDIENDO","2024-03-17 00:45:18","SISMO","#CC0000"
"-5.43","-77.32","ATENDIENDO","2024-03-17 05:56:42","SISMO","#CC0000"
"-15.22","-71","ATENDIENDO","2024-03-17 07:35:40","SISMO","#CC0000"
"-16.23","-75.06","ATENDIENDO","2024-03-17 15:28:10","SISMO","#CC0000"
"-9.36","-79.19","ATENDIENDO","2024-03-17 18:41:00","SISMO","#CC0000"
"-10.72","-78.53","ATENDIENDO","2024-03-18 06:45:50","SISMO","#CC0000"
"-4.86","-76.09","ATENDIENDO","2024-03-18 23:40:55","SISMO","#CC0000"
"-14.02","-74.62","ATENDIENDO","2024-03-20 02:11:37","SISMO","#CC0000"
"-5.3","-81.9","ATENDIENDO","2024-03-20 08:12:29","SISMO","#CC0000"
"-15.01","-75.91","ATENDIENDO","2024-03-22 10:16:09","SISMO","#CC0000"
"-16.2","-70.55","ATENDIENDO","2024-03-22 13:04:04","SISMO","#CC0000"
"-15.62","-71.54","ATENDIENDO","2024-03-23 07:41:01","SISMO","#CC0000"
"-8.4","-75.02","ATENDIENDO","2024-03-23 13:35:27","SISMO","#CC0000"
"-12.56","-76.59","ATENDIENDO","2024-03-23 15:44:35","SISMO","#CC0000"
"-6","-79.42","ATENDIENDO","2024-03-23 22:35:12","SISMO","#CC0000"
"-12.74","-76.96","ATENDIENDO","2024-03-24 00:04:52","SISMO","#CC0000"
"-5.54","-79.77","ATENDIENDO","2024-03-24 05:46:47","SISMO","#CC0000"
"-4.26","-80.66","ATENDIENDO","2024-03-24 14:51:40","SISMO","#CC0000"
"-3.97","-79.94","ATENDIENDO","2024-03-25 15:40:01","SISMO","#CC0000"
"-5.74","-78.73","ATENDIENDO","2024-03-25 18:47:40","SISMO","#CC0000"
"-15.7","-71.88","ATENDIENDO","2024-03-26 03:13:16","SISMO","#CC0000"
"-15.59","-71.56","ATENDIENDO","2024-03-26 03:57:02","SISMO","#CC0000"
"-5.77","-78.69","ATENDIENDO","2024-03-26 04:07:02","SISMO","#CC0000"
"-5.73","-78.71","ATENDIENDO","2024-03-26 07:15:20","SISMO","#CC0000"
"-15.98","-74.01","ATENDIENDO","2024-03-26 07:16:11","SISMO","#CC0000"
"-16.83","-71.57","ATENDIENDO","2024-03-26 20:12:16","SISMO","#CC0000"
"-15.74","-72.05","ATENDIENDO","2024-03-27 03:12:55","SISMO","#CC0000"
"-7.22","-74.56","ATENDIENDO","2024-03-27 11:29:29","SISMO","#CC0000"
"-8.77","-72.84","ATENDIENDO","2024-03-27 14:16:14","SISMO","#CC0000"
"-8.77","-72.84","ATENDIENDO","2024-03-27 14:16:14","SISMO","#CC0000"
"-8.85","-74.82","ATENDIENDO","2024-03-27 20:16:15","SISMO","#CC0000"
"-7.79","-74.48","ATENDIENDO","2024-03-28 04:05:13","SISMO","#CC0000"
"-17.76","-69.39","ATENDIENDO","2024-03-28 06:37:16","SISMO","#CC0000"
"-8.89","-75.65","ATENDIENDO","2024-03-28 11:01:15","SISMO","#CC0000"
"-8.96","-75.63","ATENDIENDO","2024-03-28 12:49:02","SISMO","#CC0000"
"-8.54","-76.01","ATENDIENDO","2024-03-28 20:04:16","SISMO","#CC0000"
"-6.77","-79.91","ATENDIENDO","2024-03-28 20:32:19","SISMO","#CC0000"
"-18.24","-70.51","ATENDIENDO","2024-03-29 17:26:39","SISMO","#CC0000"
"-5.81","-78.55","ATENDIENDO","2024-03-29 22:25:20","SISMO","#CC0000"
"-5.75","-78.72","ATENDIENDO","2024-03-30 00:39:18","SISMO","#CC0000"
"-12.71","-76.87","ATENDIENDO","2024-03-30 07:18:30","SISMO","#CC0000"
"-3.67","-80.9","ATENDIENDO","2024-03-30 08:56:17","SISMO","#CC0000"
"-11.52","-77.81","ATENDIENDO","2024-03-30 11:29:19","SISMO","#CC0000"
"-10.44","-75.64","ATENDIENDO","2024-03-31 05:07:19","SISMO","#CC0000"
"-16.16","-74.41","ATENDIENDO","2024-04-01 07:42:33","SISMO","#CC0000"
"-10.5","-75.66","ATENDIENDO","2024-04-01 13:23:27","SISMO","#CC0000"
"-8.61","-76.19","ATENDIENDO","2024-04-01 20:00:20","SISMO","#CC0000"
"-15.65","-71.91","ATENDIENDO","2024-04-02 03:07:31","SISMO","#CC0000"
"-12.61","-76.81","ATENDIENDO","2024-04-02 08:38:22","SISMO","#CC0000"
"-15.64","-72.06","ATENDIENDO","2024-04-02 16:12:20","SISMO","#CC0000"
"-17.33","-71.77","ATENDIENDO","2024-04-02 19:36:53","SISMO","#CC0000"
"-10.46","-75.64","ATENDIENDO","2024-04-03 03:32:22","SISMO","#CC0000"
"-10.46","-75.64","ATENDIENDO","2024-04-03 03:32:22","SISMO","#CC0000"
"-9.01","-78.5","ATENDIENDO","2024-04-03 20:25:19","SISMO","#CC0000"
"-11.54","-77.58","ATENDIENDO","2024-04-04 23:11:28","SISMO","#CC0000"
"-7.57","-74.77","ATENDIENDO","2024-04-05 12:09:24","SISMO","#CC0000"
"-16.69","-69.44","ATENDIENDO","2024-04-05 20:07:16","SISMO","#CC0000"
"-10.82","-75.52","ATENDIENDO","2024-04-06 03:34:45","SISMO","#CC0000"
"-17.2","-70.14","ATENDIENDO","2024-04-06 09:12:31","SISMO","#CC0000"
"-11.82","-75.03","ATENDIENDO","2024-04-06 20:04:30","SISMO","#CC0000"
"-3.96","-81.24","ATENDIENDO","2024-04-09 03:07:01","SISMO","#CC0000"
"-17.69","-71.32","ATENDIENDO","2024-04-09 06:39:30","SISMO","#CC0000"
"-14.59","-72.04","ATENDIENDO","2024-04-09 16:39:41","SISMO","#CC0000"
"-15.68","-74.21","ATENDIENDO","2024-04-09 22:21:09","SISMO","#CC0000"
"-12.85","-76.75","ATENDIENDO","2024-04-10 05:16:27","SISMO","#CC0000"
"-17.44","-68.9","ATENDIENDO","2024-04-10 15:33:41","SISMO","#CC0000"
"-17.44","-68.9","ATENDIENDO","2024-04-10 15:33:41","SISMO","#CC0000"
"-17.44","-68.9","ATENDIENDO","2024-04-10 15:33:41","SISMO","#CC0000"
"-17.44","-68.9","ATENDIENDO","2024-04-10 15:33:41","SISMO","#CC0000"
"-16.58","-73.82","ATENDIENDO","2024-04-10 19:52:24","SISMO","#CC0000"
"-18.11","-71.66","ATENDIENDO","2024-04-10 22:42:18","SISMO","#CC0000"
"-8.31","-77.72","ATENDIENDO","2024-04-11 13:59:04","SISMO","#CC0000"
"-7.34","-74.92","ATENDIENDO","2024-04-12 00:27:20","SISMO","#CC0000"
"-7.98","-76.39","ATENDIENDO","2024-04-12 16:09:33","SISMO","#CC0000"
"-11.9","-76.58","ATENDIENDO","2024-04-13 09:25:50","SISMO","#CC0000"
"-18.4","-71.31","ATENDIENDO","2024-04-14 05:17:23","SISMO","#CC0000"
"-11.29","-76.68","ATENDIENDO","2024-04-14 07:01:49","SISMO","#CC0000"
"-12.24","-77.37","ATENDIENDO","2024-04-14 13:56:47","SISMO","#CC0000"
"-6.41","-80.27","ATENDIENDO","2024-04-14 14:05:53","SISMO","#CC0000"
"-6.11","-76.92","ATENDIENDO","2024-04-14 23:54:00","SISMO","#CC0000"
"-14.5","-76.17","ATENDIENDO","2024-04-15 04:13:13","SISMO","#CC0000"
"-5.56","-77.34","ATENDIENDO","2024-04-15 22:06:51","SISMO","#CC0000"
"-5.56","-77.34","ATENDIENDO","2024-04-15 22:06:51","SISMO","#CC0000"
"-18.57","-70.65","ATENDIENDO","2024-04-16 05:38:11","SISMO","#CC0000"
"-16.8","-71.53","ATENDIENDO","2024-04-16 12:24:04","SISMO","#CC0000"
"-8.73","-74.6","ATENDIENDO","2024-04-16 13:54:22","SISMO","#CC0000"
"-10.78","-74.65","ATENDIENDO","2024-04-16 22:41:42","SISMO","#CC0000"
"-13.6","-71.74","ATENDIENDO","2024-04-17 01:56:55","SISMO","#CC0000"
"-9.46","-75.81","ATENDIENDO","2024-04-19 03:33:21","SISMO","#CC0000"
"-12.14","-74.77","ATENDIENDO","2024-04-20 01:03:04","SISMO","#CC0000"
"-8.96","-75.97","ATENDIENDO","2024-04-20 14:47:36","SISMO","#CC0000"
"-5.18","-81","ATENDIENDO","2024-04-21 14:18:10","SISMO","#CC0000"
"-8.68","-75.67","ATENDIENDO","2024-04-21 18:58:36","SISMO","#CC0000"
"-14.95","-72.89","ATENDIENDO","2024-04-21 22:15:58","SISMO","#CC0000"
"-3.77","-81.68","ATENDIENDO","2024-04-21 23:22:34","SISMO","#CC0000"
"-12.4","-75.31","ATENDIENDO","2024-04-22 11:54:13","SISMO","#CC0000"
"-15.63","-71.84","ATENDIENDO","2024-04-22 17:26:57","SISMO","#CC0000"
"-18.03","-71.49","ATENDIENDO","2024-04-22 19:38:04","SISMO","#CC0000"
"-15.91","-74.16","ATENDIENDO","2024-04-22 22:47:02","SISMO","#CC0000"
"-16.1","-74.05","ATENDIENDO","2024-04-23 12:25:46","SISMO","#CC0000"
"-4.59","-81.94","ATENDIENDO","2024-04-23 17:13:47","SISMO","#CC0000"
"-5.81","-76.86","ATENDIENDO","2024-04-24 15:13:11","SISMO","#CC0000"
"-13.58","-71.74","ATENDIENDO","2024-04-24 22:58:52","SISMO","#CC0000"
"-7.67","-74.63","ATENDIENDO","2024-04-25 03:33:54","SISMO","#CC0000"
"-13.58","-71.74","ATENDIENDO","2024-04-25 07:43:09","SISMO","#CC0000"
"-4.04","-80.07","ATENDIENDO","2024-04-25 22:27:38","SISMO","#CC0000"
"-18.53","-71.2","ATENDIENDO","2024-04-25 23:03:14","SISMO","#CC0000"
"-14.91","-71.76","ATENDIENDO","2024-04-26 05:07:35","SISMO","#CC0000"
"-13.44","-71.94","ATENDIENDO","2024-04-28 01:58:16","SISMO","#CC0000"
"-9.33","-79.25","ATENDIENDO","2024-04-28 19:55:42","SISMO","#CC0000"
"-16.17","-73.85","ATENDIENDO","2024-04-29 06:48:03","SISMO","#CC0000"
"-19.27","-69.54","ATENDIENDO","2024-04-29 14:49:38","SISMO","#CC0000"
"-13.07","-77.38","ATENDIENDO","2024-04-30 04:59:45","SISMO","#CC0000"
"-13.55","-71.66","ATENDIENDO","2024-04-30 10:09:10","SISMO","#CC0000"
"-13.55","-71.66","ATENDIENDO","2024-04-30 10:09:10","SISMO","#CC0000"
"-13.7","-71.69","ATENDIENDO","2024-04-30 11:59:46","SISMO","#CC0000"
"-13.69","-71.71","ATENDIENDO","2024-04-30 12:06:54","SISMO","#CC0000"
"-13.64","-71.69","ATENDIENDO","2024-04-30 21:30:51","SISMO","#CC0000"
"-10.34","-75.44","ATENDIENDO","2024-05-01 10:58:30","SISMO","#CC0000"
"-12.51","-76.76","ATENDIENDO","2024-05-01 17:00:26","SISMO","#CC0000"
"-13.64","-72.65","ATENDIENDO","2024-05-02 02:16:09","SISMO","#CC0000"
"-13.59","-72.63","ATENDIENDO","2024-05-02 03:06:51","SISMO","#CC0000"
"-13.59","-72.63","ATENDIENDO","2024-05-02 03:06:51","SISMO","#CC0000"
"-12.5","-76.81","ATENDIENDO","2024-05-02 03:34:23","SISMO","#CC0000"
"-14.91","-75.32","ATENDIENDO","2024-05-02 05:11:21","SISMO","#CC0000"
"-12.58","-76.92","ATENDIENDO","2024-05-02 23:09:51","SISMO","#CC0000"
"-9.27","-75.66","ATENDIENDO","2024-05-03 06:02:46","SISMO","#CC0000"
"-12.51","-76.75","ATENDIENDO","2024-05-03 11:43:48","SISMO","#CC0000"
"-3.76","-80.32","ATENDIENDO","2024-05-03 14:19:27","SISMO","#CC0000"
"-9.16","-75.65","ATENDIENDO","2024-05-03 14:35:03","SISMO","#CC0000"
"-9.17","-75.64","ATENDIENDO","2024-05-03 19:34:03","SISMO","#CC0000"
"-4.54","-76.63","ATENDIENDO","2024-05-04 04:00:31","SISMO","#CC0000"
"-15.68","-70.32","ATENDIENDO","2024-05-04 08:29:03","SISMO","#CC0000"
"-12.56","-76.84","ATENDIENDO","2024-05-05 01:29:16","SISMO","#CC0000"
"-12.6","-76.91","ATENDIENDO","2024-05-05 03:01:40","SISMO","#CC0000"
"-11.99","-77.56","ATENDIENDO","2024-05-05 03:17:27","SISMO","#CC0000"
"-8.77","-76.28","ATENDIENDO","2024-05-05 04:16:37","SISMO","#CC0000"
"-13.63","-71.67","ATENDIENDO","2024-05-05 04:38:15","SISMO","#CC0000"
"-13.63","-71.67","ATENDIENDO","2024-05-05 04:38:15","SISMO","#CC0000"
"-10.34","-75.46","ATENDIENDO","2024-05-05 06:04:22","SISMO","#CC0000"
"-13.69","-71.69","ATENDIENDO","2024-05-05 07:17:39","SISMO","#CC0000"
"-13.64","-76.66","ATENDIENDO","2024-05-05 08:18:19","SISMO","#CC0000"
"-5.82","-75.2","ATENDIENDO","2024-05-05 09:27:09","SISMO","#CC0000"
"-12.2","-77.87","ATENDIENDO","2024-05-05 09:32:39","SISMO","#CC0000"
"-12.58","-76.93","ATENDIENDO","2024-05-05 11:01:44","SISMO","#CC0000"
"-12.44","-76.58","ATENDIENDO","2024-05-05 20:43:11","SISMO","#CC0000"
"-15.62","-71.54","ATENDIENDO","2024-05-06 01:36:36","SISMO","#CC0000"
"-3.51","-77.54","ATENDIENDO","2024-05-06 10:11:39","SISMO","#CC0000"
"-10.74","-74.92","ATENDIENDO","2024-05-07 08:19:27","SISMO","#CC0000"
"-10.84","-73.7","ATENDIENDO","2024-05-07 21:44:27","SISMO","#CC0000"
"-4.4","-81.79","ATENDIENDO","2024-05-07 22:22:47","SISMO","#CC0000"
"-11.14","-78.05","ATENDIENDO","2024-05-07 22:36:35","SISMO","#CC0000"
"-15.35","-75.37","ATENDIENDO","2024-05-08 06:17:00","SISMO","#CC0000"
"-9.81","-80.02","ATENDIENDO","2024-05-08 06:41:26","SISMO","#CC0000"
"-17.85","-69.83","ATENDIENDO","2024-05-09 13:40:44","SISMO","#CC0000"
"-15.7","-73.93","ATENDIENDO","2024-05-10 01:33:40","SISMO","#CC0000"
"-8.18","-75.21","ATENDIENDO","2024-05-10 01:39:52","SISMO","#CC0000"
"-8.81","-75.66","ATENDIENDO","2024-05-10 12:34:48","SISMO","#CC0000"
"-17.29","-71.88","ATENDIENDO","2024-05-13 22:09:21","SISMO","#CC0000"
"-4.51","-77.68","ATENDIENDO","2024-05-14 03:00:33","SISMO","#CC0000"
"-2.63","-77.87","ATENDIENDO","2024-05-14 16:39:55","SISMO","#CC0000"
"-14.5","-76.32","ATENDIENDO","2024-05-16 02:39:09","SISMO","#CC0000"
"-11.39","-76.34","ATENDIENDO","2024-05-16 03:12:11","SISMO","#CC0000"
"-15.23","-76.7","ATENDIENDO","2024-05-16 03:30:22","SISMO","#CC0000"
"-14.27","-76.18","ATENDIENDO","2024-05-16 04:59:37","SISMO","#CC0000"
"-14.54","-76.33","ATENDIENDO","2024-05-16 05:02:47","SISMO","#CC0000"
"-14.51","-76.28","ATENDIENDO","2024-05-16 05:13:50","SISMO","#CC0000"
"-14.49","-76.31","ATENDIENDO","2024-05-16 05:55:39","SISMO","#CC0000"
"-11.42","-76.34","ATENDIENDO","2024-05-16 12:46:02","SISMO","#CC0000"
"-9.38","-79.04","ATENDIENDO","2024-05-16 14:08:53","SISMO","#CC0000"
"-15.71","-71.88","ATENDIENDO","2024-05-16 16:19:18","SISMO","#CC0000"
"-14.33","-76.25","ATENDIENDO","2024-05-18 11:46:40","SISMO","#CC0000"
"-14.48","-73.63","ATENDIENDO","2024-05-20 17:23:43","SISMO","#CC0000"
"-13.23","-76.85","ATENDIENDO","2024-05-20 22:41:45","SISMO","#CC0000"
"-15.02","-70.38","ATENDIENDO","2024-05-20 23:53:48","SISMO","#CC0000"
"-3.74","-79.89","ATENDIENDO","2024-05-21 02:43:09","SISMO","#CC0000"
"-9.2","-77.51","ATENDIENDO","2024-05-22 03:00:42","SISMO","#CC0000"
"-13.53","-76.2","ATENDIENDO","2024-05-22 16:37:33","SISMO","#CC0000"
"-15.49","-70.26","ATENDIENDO","2024-05-22 16:38:52","SISMO","#CC0000"
"-7.37","-79.97","ATENDIENDO","2024-05-23 00:49:33","SISMO","#CC0000"
"-12.59","-77.17","ATENDIENDO","2024-05-23 01:21:51","SISMO","#CC0000"
"-14.93","-74.73","ATENDIENDO","2024-05-24 05:28:32","SISMO","#CC0000"
"-9.91","-74.82","ATENDIENDO","2024-05-24 09:58:47","SISMO","#CC0000"
"-15.62","-74.2","ATENDIENDO","2024-05-26 13:03:36","SISMO","#CC0000"
"-14.42","-76.34","ATENDIENDO","2024-05-28 14:44:41","SISMO","#CC0000"
"-18.57","-71.57","ATENDIENDO","2024-05-29 19:34:43","SISMO","#CC0000"
"-13.24","-74.41","ATENDIENDO","2024-06-01 14:16:45","SISMO","#CC0000"
"-9.04","-79.17","ATENDIENDO","2024-06-02 20:29:40","SISMO","#CC0000"
"-9.04","-79.17","ATENDIENDO","2024-06-02 20:29:40","SISMO","#CC0000"
"-9.04","-79.17","ATENDIENDO","2024-06-02 20:29:40","SISMO","#CC0000"
"-9.04","-79.17","ATENDIENDO","2024-06-02 20:29:40","SISMO","#CC0000"
"-8.84","-75.9","ATENDIENDO","2024-06-04 01:17:10","SISMO","#CC0000"
"-11.89","-75.98","ATENDIENDO","2024-06-04 04:47:45","SISMO","#CC0000"
"-13.58","-77.03","ATENDIENDO","2024-06-04 12:48:50","SISMO","#CC0000"
